1,Jacinda,jhousen0@springer.com,Female
2,Michel,mmckyrrelly1@twitter.com,Female
3,Jacintha,jleyes2@ftc.gov,Bigender
4,Mendel,mmalek3@goodreads.com,Male
5,Melisent,mdenley4@yandex.ru,Female
6,Aeriell,abroun5@yelp.com,Female
7,Maible,maizkovitch6@naver.com,Female
8,Bernadette,bshiels7@skype.com,Female
9,Karola,kgalletly8@ucsd.edu,Female
10,Tonye,tgeelan9@stanford.edu,Female
11,Phillis,pbaldinga@hugedomains.com,Female
12,Lorianna,lschraderb@usda.gov,Female
13,Gar,gmartynovc@nba.com,Male
14,Davin,ddrillingcourtd@earthlink.net,Male
15,Brenna,bdilowaye@sogou.com,Female
16,Arel,ahufferf@unicef.org,Male
17,Kit,kleileg@cdbaby.com,Female
18,El,eraulstonh@purevolume.com,Male
19,Devondra,dcriplei@symantec.com,Female
20,Dimitry,dpalferyj@arizona.edu,Male
21,Izzy,iollenbuttelk@blogspot.com,Male
22,Jephthah,jjosephl@cargocollective.com,Male
23,Kev,kpudgem@liveinternet.ru,Male
24,Reginald,rfredan@oracle.com,Male
25,Ileane,ihallwardo@addthis.com,Female
26,Grayce,gbrydonep@yolasite.com,Female
27,Ingemar,istallybrassq@liveinternet.ru,Male
28,Berte,blethbridger@google.it,Female
29,Maia,mblaycocks@mayoclinic.com,Female
30,Christos,csteffanst@xinhuanet.com,Male
31,Hardy,hmaylottu@studiopress.com,Male
32,Alberik,aoliddyv@vinaora.com,Male
33,Augusta,aovanesianw@php.net,Genderfluid
34,Wallas,wmatisx@washington.edu,Male
35,Claudell,cedwinsy@twitter.com,Male
36,Gonzalo,gportmanz@de.vu,Male
37,Billy,bleijs10@dell.com,Male
38,Stillmann,smalimoe11@tamu.edu,Genderfluid
39,Kristin,kbartholat12@dmoz.org,Female
40,Hakim,hbolus13@auda.org.au,Male
41,Graig,garchbold14@stanford.edu,Male
42,Caty,cmcmorland15@fotki.com,Female
43,Gunther,gtaplin16@github.com,Male
44,Pat,pcasier17@cdbaby.com,Male
45,Magnum,mblenkhorn18@reuters.com,Male
46,Aviva,amcgeever19@nifty.com,Female
47,Min,mdemalchar1a@last.fm,Female
48,Farand,fmorena1b@fema.gov,Female
49,Yehudi,ydonnel1c@japanpost.jp,Male
50,Pennie,paxby1d@cbslocal.com,Male
51,Hube,hglyn1e@imgur.com,Male
52,Cherida,cbaldree1f@bbb.org,Female
53,Andi,aitscowicz1g@amazon.co.jp,Female
54,Dorothea,dbilbery1h@alibaba.com,Female
55,Carita,cguidotti1i@spotify.com,Non-binary
56,Rickie,rreynoollds1j@paypal.com,Female
57,Neale,ngerring1k@dmoz.org,Male
58,Connor,cverissimo1l@rambler.ru,Male
59,Marlo,mcopeman1m@nature.com,Female
60,Adler,aweems1n@cnbc.com,Male
61,Deonne,dquince1o@amazon.co.uk,Female
62,Rikki,rbeebis1p@fc2.com,Male
63,Guglielmo,gbonifacio1q@photobucket.com,Male
64,Natale,nbutte1r@phpbb.com,Male
65,Sampson,sgooder1s@google.pl,Male
66,Dulcine,dbatterbee1t@ibm.com,Female
67,Cathryn,cfrankowski1u@earthlink.net,Female
68,Alexandros,aborges1v@shinystat.com,Male
69,Molly,mnewport1w@chron.com,Female
70,Lauretta,ltrematick1x@last.fm,Female
71,Jean,jdaulton1y@desdev.cn,Genderqueer
72,Rose,rboram1z@lulu.com,Non-binary
73,Alayne,aspicer20@dailymotion.com,Female
74,Lucie,ltumayan21@engadget.com,Female
75,Dredi,dbradburne22@imdb.com,Female
76,Lacie,laspling23@google.ru,Female
77,Melvyn,mseamen24@technorati.com,Male
78,Nickolaus,nshevlane25@elpais.com,Male
79,Skipton,smatthewson26@sohu.com,Male
80,Wit,wbuye27@nydailynews.com,Genderqueer
81,Lily,lcutmare28@sourceforge.net,Female
82,Janella,jlax29@usatoday.com,Female
83,Ives,igleasane2a@nydailynews.com,Male
84,Tyne,tgoldwater2b@comcast.net,Female
85,Gifford,gbantham2c@macromedia.com,Male
86,Chuck,cdeaton2d@businessinsider.com,Male
87,Tadd,tvise2e@jigsy.com,Male
88,Reinhold,restabrook2f@wunderground.com,Agender
89,Ky,kilem2g@soup.io,Male
90,Ariana,atroucher2h@domainmarket.com,Female
91,Amerigo,acottisford2i@macromedia.com,Male
92,Jennie,jkayne2j@bbc.co.uk,Female
93,Gussie,gsecretan2k@apple.com,Female
94,Barde,bellett2l@samsung.com,Male
95,Lorrin,ldrinkale2m@skype.com,Agender
96,Shelby,svakhlov2n@slideshare.net,Female
97,Walther,wsteven2o@topsy.com,Bigender
98,Witty,wcaret2p@nps.gov,Male
99,Arvy,ableazard2q@pcworld.com,Male
100,Maurits,mayling2r@macromedia.com,Male
